issue_number,opened_by,closed_by,created_at,closed_at,comments
48130,adboio,,2026-02-17T04:33:18Z,2026-02-17T20:15:45Z,0
47968,adboio,,2026-02-14T03:29:45Z,2026-02-17T19:58:27Z,0
43426,robbie-c,,2025-12-15T22:40:15Z,2026-02-18T15:42:20Z,1
44453,robbie-c,,2026-01-07T17:02:09Z,2026-02-18T15:38:26Z,0
44441,havenbarnes,,2026-01-07T15:31:11Z,2026-02-17T16:24:53Z,1
42239,abheek9,,2025-11-27T17:47:05Z,2026-02-17T16:21:43Z,1
46578,havenbarnes,,2026-02-02T19:14:24Z,2026-02-17T16:21:20Z,0
48151,elenamitreskaGIT,,2026-02-17T10:33:30Z,2026-02-17T14:02:59Z,1
47300,andrewm4894,,2026-02-09T12:23:47Z,2026-02-13T17:20:19Z,1
41581,laurenz-glueck,,2025-11-15T13:53:29Z,2026-01-05T14:56:36Z,22
39943,luke-belton,,2025-10-20T08:51:38Z,2026-02-14T19:04:22Z,0
47955,adboio,,2026-02-14T02:52:04Z,2026-02-14T03:27:36Z,0
38461,ordehi,,2025-09-22T17:05:11Z,2026-02-14T02:33:36Z,0
47786,fercgomes,,2026-02-12T19:51:28Z,2026-02-13T16:34:30Z,0
46066,abheek9,,2026-01-27T20:02:54Z,2026-02-13T12:39:27Z,0
46864,clr182,,2026-02-04T16:51:48Z,2026-02-13T10:55:57Z,2
47829,evan-mavis,,2026-02-13T02:00:03Z,2026-02-13T02:06:42Z,0
47324,arthurdedeus,,2026-02-09T14:40:33Z,2026-02-12T18:06:10Z,0
37642,ordehi,,2025-09-04T16:33:18Z,2026-02-12T14:51:53Z,1
44899,emmanuellep-ask,,2026-01-13T14:46:47Z,2026-02-12T14:51:04Z,5
39846,FerDev12,,2025-10-17T00:18:08Z,2026-02-12T13:43:28Z,8
35697,dmarticus,,2025-07-28T04:47:07Z,2026-02-12T13:40:19Z,1
46525,christiaan-ph,,2026-02-02T11:56:24Z,2026-02-12T12:00:33Z,1
47483,gesh,,2026-02-10T15:15:56Z,2026-02-12T10:38:22Z,0
45923,christiaan-ph,,2026-01-26T15:21:25Z,2026-02-11T16:25:32Z,1
34169,haacked,,2025-06-25T18:37:01Z,2026-02-11T15:50:39Z,2
44323,andrewm4894,,2026-01-06T12:57:12Z,2026-02-10T18:15:06Z,0
47449,NVolcz,,2026-02-10T12:58:17Z,2026-02-10T13:02:28Z,1
46540,timurkh-devstark,,2026-02-02T13:29:20Z,2026-02-10T12:38:11Z,0
32618,HaynesPostHog,,2025-05-23T20:02:06Z,2026-02-09T14:54:26Z,2
43729,haacked,,2025-12-19T01:47:21Z,2026-02-09T14:48:32Z,5
44815,haacked,,2026-01-12T18:22:49Z,2026-02-09T14:19:28Z,0
44426,arthurdedeus,,2026-01-07T13:01:57Z,2026-02-09T13:37:27Z,0
46007,imaje89,,2026-01-27T11:28:38Z,2026-02-09T12:52:37Z,3
23192,Twixes,,2024-06-24T14:46:06Z,2026-02-09T08:02:17Z,1
33114,haacked,,2025-06-03T22:44:39Z,2026-02-09T08:02:15Z,1
25969,FrankHoli,,2024-11-04T13:07:19Z,2026-02-09T08:02:12Z,1
32815,kappa90,,2025-05-28T21:57:52Z,2026-02-09T08:02:10Z,1
32814,kappa90,,2025-05-28T21:57:20Z,2026-02-09T08:02:08Z,1
35087,dmarticus,,2025-07-15T20:39:05Z,2026-02-09T08:02:06Z,1
46043,luke-belton,,2026-01-27T16:48:59Z,2026-02-09T08:02:04Z,2
45357,kappa90,,2026-01-19T15:35:58Z,2026-02-09T08:00:17Z,21
43821,haacked,,2025-12-19T21:09:36Z,2026-02-09T07:31:04Z,3
45378,phillram,,2026-01-19T19:39:11Z,2026-02-08T14:33:25Z,0
47199,andrewm4894,,2026-02-07T00:12:25Z,2026-02-07T23:56:49Z,3
46227,IqroNegoro,,2026-01-29T07:00:30Z,2026-01-30T02:13:43Z,3
47115,rayudu-drivex,,2026-02-06T12:45:55Z,2026-02-06T13:40:25Z,2
45910,arthurdedeus,,2026-01-26T13:54:25Z,2026-02-06T15:29:35Z,0
45359,arthurdedeus,,2026-01-19T15:46:12Z,2026-02-06T13:44:37Z,0
19886,MarconLP,,2024-01-20T15:11:24Z,2026-02-06T07:45:38Z,2
19918,lottiecoxon,,2024-01-23T10:53:27Z,2026-02-06T07:45:36Z,3
46775,slshults,,2026-02-04T00:35:45Z,2026-02-05T18:38:04Z,0
39746,slshults,,2025-10-15T23:30:31Z,2025-12-04T19:27:15Z,5
46021,luke-belton,,2026-01-27T13:45:10Z,2026-02-05T16:44:53Z,0
30983,luke-belton,,2025-04-09T09:58:36Z,2026-02-05T12:30:50Z,1
46150,andrewm4894,,2026-01-28T13:23:30Z,2026-02-04T17:33:27Z,2
46058,RafeSacks,,2026-01-27T18:54:09Z,2026-02-04T16:32:23Z,1
44006,arthurdedeus,,2025-12-26T17:32:31Z,2026-02-03T16:36:40Z,1
24210,Bogdanovist,,2024-08-06T02:11:32Z,2026-02-03T13:43:52Z,4
45164,clr182,,2026-01-15T16:57:20Z,2026-02-03T09:45:48Z,1
41348,vitonsky,,2025-11-12T11:41:23Z,2025-12-05T22:50:03Z,13
43749,joesaunderson,,2025-12-19T08:44:01Z,2026-02-02T18:39:27Z,1
44737,chrisy19871987-ai,,2026-01-11T15:13:32Z,2026-02-02T18:34:02Z,0
44738,chrisy19871987-ai,,2026-01-11T15:15:13Z,2026-02-02T18:33:58Z,0
46470,mike-lawrence-business,,2026-01-31T07:31:10Z,2026-02-02T18:09:17Z,0
46490,mike-lawrence-business,,2026-01-31T23:09:24Z,2026-02-02T18:08:58Z,2
46111,slshults,,2026-01-28T01:18:16Z,2026-02-01T21:10:24Z,0
29223,darkopia,,2025-02-25T22:31:39Z,2026-01-30T07:40:52Z,1
31010,luke-belton,,2025-04-09T16:41:47Z,2026-01-29T23:35:55Z,1
44884,hamzaowaisog,,2026-01-13T13:46:19Z,2026-01-29T12:29:12Z,2
40966,andyzzhao,,2025-11-05T18:41:58Z,2026-01-29T12:19:31Z,1
40420,kyleswank,,2025-10-27T19:26:45Z,2026-01-29T09:39:21Z,0
45064,dmarticus,,2026-01-14T20:08:17Z,2026-01-29T03:37:20Z,0
42168,kyleswank,,2025-11-26T20:58:59Z,2026-01-28T20:09:40Z,1
26480,HaynesPostHog,,2024-11-27T18:45:51Z,2026-01-28T17:03:15Z,1
31157,slshults,,2025-04-11T23:13:22Z,2026-01-28T15:27:15Z,1
41990,kyleswank,,2025-11-24T18:38:35Z,2026-01-28T13:52:00Z,3
28355,HaynesPostHog,,2025-02-05T22:11:07Z,2026-01-28T13:38:57Z,3
45918,andrewm4894,,2026-01-26T14:30:39Z,2026-01-28T12:52:25Z,0
31679,ordehi,,2025-04-28T20:28:47Z,2026-01-28T10:31:51Z,4
43197,odin-posthog,,2025-12-11T11:51:42Z,2026-01-27T21:53:34Z,0
37970,ordehi,,2025-09-11T18:05:22Z,2026-01-27T16:07:21Z,1
28731,rossgray,,2025-02-14T14:18:15Z,2026-01-27T16:07:20Z,3
45271,gesh,,2026-01-16T16:30:05Z,2026-01-27T13:56:06Z,0
37929,clr182,,2025-09-11T09:47:57Z,2026-01-27T12:58:06Z,3
43273,kappa90,,2025-12-12T09:54:59Z,2026-01-26T17:12:52Z,19
41262,arthurdedeus,,2025-11-11T13:13:26Z,2026-01-26T13:24:59Z,1
39579,arthurdedeus,,2025-10-13T16:56:34Z,2026-01-26T13:24:48Z,1
43933,arthurdedeus,,2025-12-23T14:01:35Z,2026-01-26T13:24:46Z,0
45269,gesh,,2026-01-16T16:18:37Z,2026-01-26T12:31:09Z,0
45882,chrisy19871987-ai,,2026-01-26T05:26:18Z,2026-01-26T05:27:14Z,1
44256,ordehi,,2026-01-05T14:15:11Z,2026-01-23T22:36:17Z,1
19496,annikaschmid,,2023-12-22T10:15:45Z,2026-01-23T07:38:22Z,2
19512,daniel-hutao,,2023-12-26T09:51:33Z,2026-01-23T07:38:20Z,3
19520,thmsobrmlr,,2023-12-27T09:51:27Z,2026-01-23T07:38:19Z,2
19539,joshuakcockrell,,2023-12-28T16:27:30Z,2026-01-23T07:38:17Z,2
19576,PrebenAas,,2024-01-03T13:46:53Z,2026-01-23T07:38:15Z,3
19588,camerondeleone,,2024-01-03T23:24:58Z,2026-01-23T07:38:14Z,2
19591,haf,,2024-01-04T10:24:16Z,2026-01-23T07:38:12Z,5
19618,MarconLP,,2024-01-05T12:36:51Z,2026-01-23T07:38:10Z,3
19675,pschnyder,,2024-01-09T15:58:33Z,2026-01-23T07:38:09Z,2
45735,yijiaradpod,,2026-01-22T19:03:23Z,2026-01-23T02:48:38Z,0
44003,arthurdedeus,,2025-12-26T17:30:13Z,2026-01-22T19:22:41Z,1
42302,ordehi,,2025-11-28T15:56:33Z,2026-01-22T17:28:50Z,2
45633,kyleswank,,2026-01-21T20:50:43Z,2026-01-22T16:39:55Z,1
44561,luke-belton,,2026-01-08T16:58:38Z,2026-01-22T12:45:24Z,0
44467,kyleswank,,2026-01-07T19:29:22Z,2026-01-21T19:22:05Z,1
44825,kyleswank,,2026-01-12T20:10:05Z,2026-01-21T19:01:18Z,1
42417,dmarticus,,2025-12-01T17:54:01Z,2026-01-21T18:15:37Z,3
45562,andrewm4894,,2026-01-21T12:18:22Z,2026-01-21T17:57:02Z,1
22221,rodolpheirany-stream,,2024-05-09T12:19:53Z,2026-01-20T22:39:06Z,2
30854,robbie-c,,2025-04-06T16:55:00Z,2026-01-20T22:38:20Z,1
45446,ordehi,,2026-01-20T14:14:32Z,2026-01-20T20:52:43Z,2
41549,dustinbyrne,,2025-11-14T17:03:08Z,2026-01-20T16:59:08Z,3
45438,andrewm4894,,2026-01-20T13:43:56Z,2026-01-20T14:14:57Z,0
45222,igor-soldev,,2026-01-16T08:49:39Z,2026-01-19T07:09:44Z,1
41955,wassafshahzad,,2025-11-24T00:23:45Z,2026-01-20T00:02:00Z,5
44927,jaredromano,,2026-01-13T17:24:33Z,2026-01-19T19:23:28Z,0
44008,arthurdedeus,,2025-12-26T17:33:05Z,2026-01-19T17:38:57Z,0
45051,arthurdedeus,,2026-01-14T17:45:30Z,2026-01-19T17:38:50Z,0
44015,ordehi,,2025-12-26T18:08:40Z,2026-01-19T16:42:38Z,1
45154,dustinbyrne,,2026-01-15T15:37:11Z,2026-01-19T15:39:10Z,0
45050,arthurdedeus,,2026-01-14T17:45:15Z,2026-01-19T13:23:26Z,1
45221,meikelmosby,,2026-01-16T08:13:55Z,2026-01-19T12:07:55Z,0
45317,leen-she,,2026-01-17T19:32:45Z,2026-01-18T10:05:20Z,1
43420,robbie-c,,2025-12-15T21:37:53Z,2026-01-16T15:48:34Z,1
40321,arthurdedeus,,2025-10-24T16:18:29Z,2026-01-16T14:11:50Z,0
40327,arthurdedeus,,2025-10-24T16:50:08Z,2026-01-16T14:11:39Z,0
41261,arthurdedeus,,2025-11-11T13:11:03Z,2026-01-16T14:11:00Z,0
44005,arthurdedeus,,2025-12-26T17:32:19Z,2026-01-16T14:10:29Z,0
44811,dustinbyrne,,2026-01-12T17:39:57Z,2026-01-15T21:33:03Z,1
44524,darkopia,,2026-01-08T12:28:44Z,2026-01-15T19:11:46Z,0
38918,ercanzirh,,2025-10-01T12:23:02Z,2026-01-02T21:32:00Z,6
44165,purvalpatel,,2026-01-01T10:46:12Z,2026-01-15T05:15:17Z,8
44836,TrevorLoucks,,2026-01-12T21:28:52Z,2026-01-14T23:29:35Z,1
24485,danbim,,2024-08-20T13:23:27Z,2026-01-14T00:27:54Z,10
44745,andrewm4894,,2026-01-11T18:29:43Z,2026-01-14T19:39:34Z,0
45022,meikelmosby,,2026-01-14T14:00:57Z,2026-01-14T16:46:12Z,0
45019,marandaneto,,2026-01-14T13:22:08Z,2026-01-14T16:35:26Z,2
45039,posthog[bot],,2026-01-14T16:12:22Z,2026-01-14T16:12:38Z,0
44918,ordehi,,2026-01-13T16:24:52Z,2026-01-14T14:09:59Z,1
44919,kyleswank,,2026-01-13T16:30:24Z,2026-01-13T17:22:14Z,1
41383,rossgray,,2025-11-12T17:13:05Z,2026-01-13T13:18:31Z,11
25881,abigailbramble,,2024-10-29T17:28:33Z,2026-01-13T12:56:07Z,1
12021,corywatilo,,2022-09-28T22:21:19Z,2026-01-13T10:06:35Z,3
25750,davidmondok,,2024-10-23T08:17:42Z,2026-01-13T09:13:38Z,0
12181,mariusandra,,2022-10-10T21:26:50Z,2026-01-13T07:37:22Z,4
18437,MarconLP,,2023-11-07T08:10:02Z,2026-01-13T07:37:19Z,4
44682,kyleswank,,2026-01-09T21:23:20Z,2026-01-12T13:02:58Z,3
19125,benjackwhite,,2023-12-06T11:48:58Z,2026-01-12T07:39:25Z,2
19154,mxlnk,,2023-12-07T07:21:42Z,2026-01-12T07:39:23Z,2
19176,corywatilo,,2023-12-07T14:47:06Z,2026-01-12T07:39:22Z,2
19180,arndtvoges,,2023-12-07T15:10:49Z,2026-01-12T07:39:20Z,2
19210,PatrickStrz,,2023-12-08T16:15:48Z,2026-01-12T07:39:18Z,2
19304,rebryk,,2023-12-13T10:29:24Z,2026-01-12T07:39:16Z,2
19312,corywatilo,,2023-12-13T15:22:19Z,2026-01-12T07:39:15Z,2
19358,MarconLP,,2023-12-15T14:06:43Z,2026-01-12T07:39:13Z,2
19383,robstemm,,2023-12-18T06:29:22Z,2026-01-12T07:39:11Z,2
19420,fuziontech,,2023-12-19T22:53:40Z,2026-01-12T07:39:10Z,2
19421,fuziontech,,2023-12-19T23:11:38Z,2026-01-12T07:39:08Z,2
19422,fuziontech,,2023-12-19T23:15:25Z,2026-01-12T07:39:06Z,2
19423,fuziontech,,2023-12-19T23:15:56Z,2026-01-12T07:39:05Z,2
34066,dmarticus,,2025-06-23T21:51:28Z,2026-01-10T17:16:34Z,2
26948,havenbarnes,,2024-12-16T19:07:42Z,2026-01-10T00:18:20Z,6
24994,jurajmajerik,,2024-09-16T13:24:32Z,2026-01-10T00:16:49Z,3
44528,jonathanlab,,2026-01-08T13:35:25Z,2026-01-09T19:23:26Z,0
40842,andyzzhao,,2025-11-04T02:31:32Z,2026-01-09T16:00:39Z,4
19509,corywatilo,,2023-12-22T22:17:19Z,2026-01-09T09:45:41Z,5
33689,darkopia,,2025-06-13T21:25:04Z,2026-01-09T09:35:42Z,4
19424,fuziontech,,2023-12-19T23:21:18Z,2026-01-09T07:37:51Z,2
19425,fuziontech,,2023-12-19T23:21:52Z,2026-01-09T07:37:50Z,2
19426,fuziontech,,2023-12-19T23:26:53Z,2026-01-09T07:37:48Z,2
19427,fuziontech,,2023-12-19T23:28:56Z,2026-01-09T07:37:47Z,2
19428,fuziontech,,2023-12-19T23:48:23Z,2026-01-09T07:37:46Z,2
19429,fuziontech,,2023-12-19T23:57:54Z,2026-01-09T07:37:44Z,2
19431,fuziontech,,2023-12-20T00:01:57Z,2026-01-09T07:37:43Z,2
43983,buildwithmalik,,2025-12-24T16:29:37Z,2026-01-09T00:41:37Z,1
44280,arthurdedeus,,2026-01-05T19:41:53Z,2026-01-08T21:55:22Z,0
44445,luke-belton,,2026-01-07T15:44:34Z,2026-01-08T18:03:36Z,3
30324,HaynesPostHog,,2025-03-22T21:58:31Z,2026-01-08T14:31:56Z,0
39011,pauldambra,,2025-10-02T10:48:46Z,2026-01-08T09:46:48Z,0
29532,pauldambra,,2025-03-05T14:28:34Z,2026-01-08T09:46:33Z,3
44334,michaelpomogajko,,2026-01-06T14:10:39Z,2026-01-06T18:26:29Z,8
42032,meikelmosby,,2025-11-25T08:47:38Z,2026-01-07T15:31:35Z,0
44279,arthurdedeus,,2026-01-05T19:41:42Z,2026-01-07T15:26:57Z,0
43227,havenbarnes,,2025-12-11T16:23:25Z,2026-01-07T15:12:57Z,0
43137,frankh,,2025-12-10T14:30:18Z,2026-01-07T13:58:51Z,16
25015,joethreepwood,,2024-09-17T08:57:57Z,2025-12-03T06:19:44Z,6
44105,scoobhidu,,2025-12-30T14:02:42Z,2026-01-04T17:19:08Z,5
44395,suleyman-shb,,2026-01-07T07:03:32Z,2026-01-07T07:14:12Z,1
31914,haacked,,2025-05-05T17:03:30Z,2026-01-05T23:34:29Z,5
44150,ordehi,,2025-12-31T16:30:34Z,2026-01-05T22:01:45Z,4
25567,StrandedKitty,,2024-10-14T15:48:39Z,2026-01-05T21:31:01Z,2
32683,vanuverma,,2025-05-27T05:01:32Z,2026-01-05T21:30:21Z,2
25087,MannyAdumbire,,2024-09-19T19:04:33Z,2026-01-05T21:28:16Z,10
34458,frigga-dhananjay,,2025-07-02T09:38:15Z,2026-01-05T21:26:22Z,1
32108,Felipoe,,2025-05-09T12:16:18Z,2026-01-05T21:26:09Z,15
41794,astro-ge,,2025-11-20T03:21:54Z,2026-01-05T21:24:55Z,3
40777,mehrad989,,2025-11-02T13:14:29Z,2026-01-05T21:24:39Z,7
32607,joebnb,,2025-05-23T14:58:33Z,2026-01-05T14:59:04Z,4
38414,nmime,,2025-09-21T07:17:09Z,2026-01-05T14:56:05Z,18
40627,clr182,,2025-10-30T10:54:22Z,2026-01-05T14:52:28Z,28
43766,fevlake,,2025-12-19T12:16:31Z,2026-01-05T14:50:50Z,6
44219,Spearhead1038,,2026-01-04T12:12:03Z,2026-01-04T18:41:34Z,2
38494,jade-jpy,,2025-09-23T09:58:46Z,2026-01-04T17:17:47Z,10
43827,feschaffa,,2025-12-19T22:09:20Z,2026-01-04T17:13:21Z,0
43550,sayer122,,2025-12-17T11:09:45Z,2025-12-17T11:13:29Z,4
40237,carlos-marchal-ph,,2025-10-23T16:34:56Z,2026-01-02T09:58:08Z,0
43670,clr182,,2025-12-18T15:34:16Z,2025-12-30T22:42:53Z,3
43912,rawmarshmellows,,2025-12-23T03:27:21Z,2025-12-30T11:58:34Z,4
42255,ordehi,,2025-11-27T21:33:49Z,2025-12-30T09:07:54Z,6
43820,kyleswank,,2025-12-19T21:07:36Z,2025-12-30T08:48:48Z,0
39228,gesh,,2025-10-07T10:12:38Z,2025-12-29T14:21:26Z,1
43226,havenbarnes,,2025-12-11T16:20:55Z,2025-12-29T14:00:57Z,0
40309,clr182,,2025-10-24T14:35:22Z,2025-12-29T10:16:58Z,0
29801,lricoy,,2025-03-12T02:49:25Z,2025-12-26T21:21:17Z,0
43934,arthurdedeus,,2025-12-23T14:04:58Z,2025-12-23T15:09:44Z,0
43631,haacked,,2025-12-18T01:22:31Z,2025-12-19T22:12:04Z,2
43229,havenbarnes,,2025-12-11T16:28:53Z,2025-12-19T20:55:27Z,0
42405,luke-belton,,2025-12-01T16:43:25Z,2025-12-19T19:36:55Z,0
42861,andrewm4894,,2025-12-05T19:15:40Z,2025-12-19T17:26:59Z,0
38168,simfish85,,2025-09-16T12:11:29Z,2025-12-19T16:11:00Z,1
7288,joesaunderson,,2021-11-23T12:08:11Z,2025-12-19T12:19:04Z,17
19084,MarconLP,,2023-12-05T11:36:42Z,2025-12-19T07:35:37Z,3
19115,aydemirkala,,2023-12-06T07:18:03Z,2025-12-19T07:35:36Z,2
42639,adboio,,2025-12-03T22:45:04Z,2025-12-19T03:47:44Z,1
43657,clr182,,2025-12-18T12:49:10Z,2025-12-19T03:26:42Z,1
43634,HaynesPostHog,,2025-12-18T02:39:12Z,2025-12-19T03:21:36Z,0
43728,slshults,,2025-12-19T01:13:20Z,2025-12-19T03:18:55Z,1
7874,macobo,,2022-01-04T09:36:09Z,2025-12-18T14:48:18Z,5
37654,haacked,,2025-09-04T18:54:20Z,2025-12-18T17:06:10Z,0
26923,thmsobrmlr,,2024-12-16T09:35:32Z,2025-12-18T16:04:23Z,2
19035,meredian,,2023-12-04T07:08:10Z,2025-12-18T07:35:27Z,2
43605,HaynesPostHog,,2025-12-17T20:23:25Z,2025-12-17T21:28:29Z,1
43457,clr182,,2025-12-16T12:02:58Z,2025-12-17T20:11:07Z,0
12883,corywatilo,,2022-11-21T01:51:40Z,2025-12-17T07:36:09Z,4
19032,corywatilo,,2023-12-03T19:36:49Z,2025-12-17T07:36:05Z,2
19033,corywatilo,,2023-12-03T19:56:09Z,2025-12-17T07:36:03Z,2
19034,corywatilo,,2023-12-03T20:05:26Z,2025-12-17T07:36:01Z,2
41797,lshaowei18,,2025-11-20T05:36:27Z,2025-12-17T02:10:16Z,0
43477,andrewm4894,,2025-12-16T16:01:41Z,2025-12-16T21:35:26Z,0
40885,dmarticus,,2025-11-04T17:33:20Z,2025-12-16T19:21:10Z,0
40787,andrewm4894,,2025-11-03T11:35:54Z,2025-12-03T09:40:48Z,5
41932,arthurdedeus,,2025-11-21T18:59:03Z,2025-12-16T12:53:13Z,0
40373,cruftex,,2025-10-27T02:07:48Z,2025-12-16T10:44:15Z,0
42119,ioannisj,,2025-11-26T08:19:01Z,2025-12-16T08:41:14Z,19
39967,arthurdedeus,,2025-10-20T13:18:12Z,2025-12-15T19:37:05Z,0
34974,robbie-c,,2025-07-14T12:33:24Z,2025-12-15T17:42:25Z,1
43156,clr182,,2025-12-10T16:55:37Z,2025-12-15T09:42:17Z,0
18418,tiina303,,2023-11-06T13:51:47Z,2025-12-15T07:37:22Z,2
18975,corywatilo,,2023-11-29T23:07:31Z,2025-12-15T07:37:19Z,2
43228,havenbarnes,,2025-12-11T16:26:32Z,2025-12-12T22:46:38Z,0
41437,andrewm4894,,2025-11-13T12:35:46Z,2025-12-12T17:42:23Z,0
42685,arthurdedeus,,2025-12-04T12:30:12Z,2025-12-12T15:47:36Z,0
40574,arthurdedeus,,2025-10-29T16:40:22Z,2025-12-12T12:21:16Z,0
43144,kyleswank,,2025-12-10T15:01:30Z,2025-12-12T00:15:28Z,0
43135,clr182,,2025-12-10T14:21:10Z,2025-12-11T15:59:47Z,2
39186,HaynesPostHog,,2025-10-06T17:11:51Z,2025-12-11T08:24:00Z,0
18908,benjackwhite,,2023-11-27T14:39:31Z,2025-12-11T07:35:51Z,2
42495,kyleswank,,2025-12-02T14:50:03Z,2025-12-10T20:27:05Z,0
36569,r13i,,2025-08-13T12:23:19Z,2025-12-10T09:52:59Z,1
41139,b-like-bahar,,2025-11-07T18:43:13Z,2025-12-10T09:50:26Z,1
17503,annikaschmid,,2023-09-18T14:49:06Z,2025-12-09T22:46:39Z,6
42268,meikelmosby,,2025-11-28T08:58:49Z,2025-12-09T22:17:49Z,1
40740,luke-belton,,2025-10-31T15:47:01Z,2025-12-09T19:37:08Z,4
43030,clr182,,2025-12-09T15:33:42Z,2025-12-09T15:55:14Z,1
42958,NtFelix,,2025-12-08T17:30:33Z,2025-12-09T12:10:57Z,1
31117,daibhin,,2025-04-11T11:54:12Z,2025-12-09T10:35:37Z,42
30490,yafkari,,2025-03-27T13:19:16Z,2025-12-09T10:31:23Z,1
31978,ordehi,,2025-05-06T19:54:27Z,2025-12-08T22:54:42Z,3
12051,simfish85,,2022-09-30T09:55:44Z,2025-12-08T07:36:32Z,3
18635,arpitwt,,2023-11-15T07:55:39Z,2025-12-08T07:36:26Z,6
18827,baristaGeek,,2023-11-22T17:21:52Z,2025-12-08T07:36:24Z,2
18875,csimlinger,,2023-11-23T20:23:18Z,2025-12-08T07:36:23Z,2
18876,GriffinAdAuris,,2023-11-23T22:49:49Z,2025-12-08T07:36:21Z,2
26175,DogeAmazed,,2024-11-13T17:53:51Z,2025-12-05T20:24:14Z,10
42605,thmsobrmlr,,2025-12-03T16:12:32Z,2025-12-05T19:12:39Z,0
41345,thmsobrmlr,,2025-11-12T11:09:47Z,2025-12-05T18:51:57Z,0
25936,slshults,,2024-10-31T16:05:23Z,2025-12-05T18:19:54Z,3
42409,posthog[bot],,2025-12-01T17:03:55Z,2025-12-05T16:37:41Z,5
42820,clr182,,2025-12-05T14:45:35Z,2025-12-05T16:10:59Z,0
41569,dustinbyrne,,2025-11-14T21:33:01Z,2025-12-05T15:06:54Z,0
17003,omchen,,2023-08-11T13:54:22Z,2025-12-04T21:42:46Z,1
23115,sentry[bot],,2024-06-20T13:15:37Z,2025-12-04T20:11:04Z,2
40573,arthurdedeus,,2025-10-29T16:39:44Z,2025-12-04T17:50:16Z,0
40642,arthurdedeus,,2025-10-30T13:08:54Z,2025-12-04T17:48:02Z,0
39086,clr182,,2025-10-03T11:24:21Z,2025-12-04T16:23:52Z,0
33693,HaynesPostHog,,2025-06-13T21:51:54Z,2025-12-04T15:54:25Z,0
23061,slshults,,2024-06-18T19:35:48Z,2025-12-04T14:59:02Z,1
29981,Sriram-bk,,2025-03-14T20:40:24Z,2025-12-04T14:49:21Z,2
8354,lsmith77,,2022-01-31T07:51:56Z,2025-12-04T14:47:02Z,6
29454,slshults,,2025-03-04T00:22:00Z,2025-12-04T14:36:32Z,1
11952,macobo,,2022-09-23T11:27:45Z,2025-12-04T14:18:25Z,1
24870,aspicer,,2024-09-09T18:03:21Z,2025-12-04T13:53:48Z,0
29962,Sriram-bk,,2025-03-14T14:35:14Z,2025-12-04T13:52:36Z,0
4680,macobo,,2021-06-10T09:13:00Z,2025-12-04T13:51:59Z,27
35626,abigailbramble,,2025-07-25T10:43:41Z,2025-12-04T13:51:01Z,3
42238,abheek9,,2025-11-27T17:43:22Z,2025-12-04T13:05:28Z,0
42643,slshults,,2025-12-03T22:57:46Z,2025-12-04T12:45:23Z,1
39223,gesh,,2025-10-07T09:57:16Z,2025-12-04T09:30:19Z,1
39225,gesh,,2025-10-07T10:05:48Z,2025-12-04T09:26:49Z,1
25627,stuartbrameld,,2024-10-16T13:42:52Z,2025-12-04T08:33:47Z,1
25223,abigailbramble,,2024-09-26T09:07:40Z,2025-12-04T08:30:38Z,1
27351,akbansa,,2025-01-08T10:03:30Z,2025-12-04T08:29:45Z,0
12958,1984man,,2022-11-25T06:31:44Z,2025-12-04T08:29:05Z,1
13637,macobo,,2023-01-11T10:32:33Z,2025-12-03T21:08:57Z,1
12692,neilkakkar,,2022-11-09T12:50:39Z,2025-12-03T21:08:03Z,1
28170,corywatilo,,2025-02-01T01:01:15Z,2025-12-03T21:07:05Z,0
41877,gesh,,2025-11-21T08:39:15Z,2025-12-03T21:03:34Z,0
13002,pauldambra,,2022-11-29T10:35:10Z,2025-12-03T14:50:19Z,3
41994,ordehi,,2025-11-24T19:18:34Z,2025-12-03T14:43:15Z,2
40838,clr182,,2025-11-03T22:51:33Z,2025-12-03T14:43:27Z,2
13258,benjackwhite,,2022-12-12T09:56:59Z,2025-12-03T14:44:06Z,1
41131,jperezrealini,,2025-11-07T16:54:22Z,2025-12-03T14:29:03Z,1
41809,danazou,,2025-11-20T11:01:04Z,2025-12-03T14:25:37Z,1
42377,arthurdedeus,,2025-12-01T12:16:50Z,2025-12-03T13:59:20Z,0
42583,thmsobrmlr,,2025-12-03T13:55:16Z,2025-12-03T13:57:11Z,0
28970,slshults,,2025-02-20T03:36:45Z,2025-12-03T13:31:39Z,1
28981,thmsobrmlr,,2025-02-20T10:37:57Z,2025-12-03T13:28:21Z,4
29948,joethreepwood,,2025-03-14T11:34:09Z,2025-12-03T06:17:33Z,2
41331,mariusandra,,2025-11-12T09:55:05Z,2025-12-03T07:34:12Z,18
40541,joethreepwood,,2025-10-29T10:32:29Z,2025-12-03T06:20:58Z,0
26593,joethreepwood,,2024-12-03T10:57:04Z,2025-12-03T06:20:24Z,0
13187,joethreepwood,,2022-12-07T13:25:18Z,2025-12-03T06:20:10Z,8
19681,joethreepwood,,2024-01-09T16:36:34Z,2025-12-03T06:19:53Z,4
27677,joethreepwood,,2025-01-20T07:32:58Z,2025-12-03T06:19:13Z,1
29722,joethreepwood,,2025-03-10T14:43:00Z,2025-12-03T06:17:53Z,0
30246,joethreepwood,,2025-03-20T18:30:26Z,2025-12-03T06:16:50Z,0
42106,havenbarnes,,2025-11-25T23:30:18Z,2025-12-02T19:04:22Z,0
39055,andyzzhao,,2025-10-02T20:34:50Z,2025-12-02T16:26:18Z,25
42278,robbie-c,,2025-11-28T10:56:20Z,2025-12-02T15:37:40Z,2
42378,arthurdedeus,,2025-12-01T12:17:58Z,2025-12-02T14:23:15Z,1
41533,arthurdedeus,,2025-11-14T14:35:01Z,2025-12-01T12:17:12Z,0
18336,mayeraaa,,2023-11-02T08:43:43Z,2025-12-01T07:36:19Z,5
18691,davidhaley,,2023-11-16T19:33:46Z,2025-12-01T07:36:16Z,3
18703,timgl,,2023-11-17T01:24:04Z,2025-12-01T07:36:14Z,3
18714,corywatilo,,2023-11-17T15:03:20Z,2025-12-01T07:36:12Z,2
19500,annikaschmid,,2023-12-22T10:38:28Z,2025-11-28T20:48:38Z,2
42322,ordehi,,2025-11-28T18:38:42Z,2025-11-28T18:41:36Z,1
42127,vdekrijger,,2025-11-26T10:30:07Z,2025-11-28T17:32:26Z,8
38845,oliverb123,,2025-09-30T11:35:33Z,2025-11-28T09:43:32Z,1
42031,meikelmosby,,2025-11-25T08:46:23Z,2025-11-27T16:00:17Z,1
18538,bobmoff,,2023-11-10T07:17:52Z,2025-11-28T07:34:23Z,4
18554,liyiy,,2023-11-10T16:43:58Z,2025-11-28T07:34:22Z,2
38015,thmsobrmlr,,2025-09-12T13:39:02Z,2025-11-27T23:05:34Z,0
32421,havenbarnes,,2025-05-20T20:38:47Z,2025-11-27T17:50:40Z,0
41991,arthurdedeus,,2025-11-24T18:46:44Z,2025-11-27T16:45:53Z,0
41545,arthurdedeus,,2025-11-14T16:31:58Z,2025-11-27T11:56:12Z,0
18580,davemurphysf,,2023-11-13T18:02:45Z,2025-11-27T07:34:50Z,2
41286,ordehi,,2025-11-11T17:54:06Z,2025-11-25T20:55:30Z,1
42063,ordehi,,2025-11-25T14:35:43Z,2025-11-25T19:00:45Z,3
37134,HaynesPostHog,,2025-08-25T20:35:41Z,2025-11-25T00:57:45Z,5
29844,lucasheriques,,2025-03-12T17:46:25Z,2025-11-24T23:15:52Z,1
38584,webjunkie,,2025-09-24T13:04:49Z,2025-11-24T20:52:44Z,1
38969,dmarticus,,2025-10-01T22:47:51Z,2025-11-24T16:23:43Z,0
41472,daniloc,,2025-11-13T18:24:58Z,2025-11-24T15:21:19Z,0
38999,luke-belton,,2025-10-02T08:47:17Z,2025-11-24T11:45:07Z,3
18533,hb-danny,,2023-11-09T21:50:22Z,2025-11-24T07:34:13Z,2
18552,thmsobrmlr,,2023-11-10T15:38:16Z,2025-11-24T07:34:11Z,2
41564,fizikiukas,,2025-11-14T20:04:05Z,2025-11-23T10:13:56Z,4
41409,ganeshkrishnan1,,2025-11-13T03:02:35Z,2025-11-23T10:13:05Z,3
40630,luke-belton,,2025-10-30T11:24:30Z,2025-11-21T21:37:03Z,2
41538,arthurdedeus,,2025-11-14T14:47:01Z,2025-11-21T19:00:49Z,0
41536,arthurdedeus,,2025-11-14T14:46:46Z,2025-11-21T19:00:49Z,0
41537,arthurdedeus,,2025-11-14T14:46:54Z,2025-11-21T16:57:20Z,0
41906,ordehi,,2025-11-21T14:20:56Z,2025-11-21T16:43:54Z,1
34421,fuziontech,,2025-07-01T14:54:24Z,2025-11-21T15:36:56Z,0
41835,tlvince,,2025-11-20T16:02:56Z,2025-11-21T10:57:32Z,2
11590,macobo,,2022-09-01T09:57:07Z,2025-11-21T07:34:38Z,6
12106,allan-simon,,2022-10-05T10:36:04Z,2025-11-21T07:34:36Z,6
13346,macobo,,2022-12-15T10:50:28Z,2025-11-21T07:34:34Z,8
13989,lharries,,2023-01-30T14:55:54Z,2025-11-21T07:34:32Z,5
17475,simfish85,,2023-09-15T15:46:30Z,2025-11-21T07:34:30Z,3
18451,MarconLP,,2023-11-07T16:02:27Z,2025-11-21T07:34:28Z,2
